"Muid","Remote Ip","Direction","City","Country","Connections"
"09E2DE76A45F4187AF98B3F8810C6604","188.68.217.60","Incoming","Unknown","Unknown","34"
"09E2DE76A45F4187AF98B3F8810C6604","185.151.241.218","Incoming","Unknown","Unknown","33"
"09E2DE76A45F4187AF98B3F8810C6604","5.181.86.40","Incoming","Unknown","Unknown","7"
"09E2DE76A45F4187AF98B3F8810C6604","185.189.167.182","Incoming","Unknown","Unknown","5"
"09E2DE76A45F4187AF98B3F8810C6604","147.78.47.145","Incoming","Unknown","Unknown","4"
"09E2DE76A45F4187AF98B3F8810C6604","64.62.197.212","Incoming","Unknown","Unknown","3"
"09E2DE76A45F4187AF98B3F8810C6604","185.189.167.250","Incoming","Unknown","Unknown","3"
"09E2DE76A45F4187AF98B3F8810C6604","46.148.235.58","Incoming","Moscú","Rusia","3"
"09E2DE76A45F4187AF98B3F8810C6604","46.148.231.167","Incoming","Moscú","Rusia","3"
"09E2DE76A45F4187AF98B3F8810C6604","205.210.31.158","Incoming","Unknown","Unknown","3"
"09E2DE76A45F4187AF98B3F8810C6604","185.189.167.30","Incoming","Unknown","Unknown","3"
"09E2DE76A45F4187AF98B3F8810C6604","188.124.36.76","Incoming","Moscú","Rusia","2"
"09E2DE76A45F4187AF98B3F8810C6604","162.142.125.160","Incoming","Unknown","Unknown","2"
"09E2DE76A45F4187AF98B3F8810C6604","146.88.240.4","Incoming","Unknown","Unknown","2"
"09E2DE76A45F4187AF98B3F8810C6604","37.9.13.98","Incoming","San Petersburgo","Rusia","1"
"09E2DE76A45F4187AF98B3F8810C6604","45.155.204.131","Incoming","Unknown","Unknown","1"
"09E2DE76A45F4187AF98B3F8810C6604","178.79.189.212","Incoming","Londres","Reino Unido","1"
"09E2DE76A45F4187AF98B3F8810C6604","172.93.213.120","Incoming","Unknown","Unknown","1"
"09E2DE76A45F4187AF98B3F8810C6604","167.94.138.106","Incoming","Unknown","Unknown","1"
"09E2DE76A45F4187AF98B3F8810C6604","179.60.150.136","Incoming","Caracas","Venezuela","1"
"09E2DE76A45F4187AF98B3F8810C6604","193.118.53.210","Incoming","Unknown","Unknown","1"
"09E2DE76A45F4187AF98B3F8810C6604","204.14.191.20","Incoming","Unknown","Unknown","1"
"09E2DE76A45F4187AF98B3F8810C6604","87.251.75.145","Incoming","Unknown","Unknown","1"
"09E2DE76A45F4187AF98B3F8810C6604","64.62.197.230","Incoming","Unknown","Unknown","1"
"09E2DE76A45F4187AF98B3F8810C6604","188.124.37.207","Incoming","Moscú","Rusia","1"
"09E2DE76A45F4187AF98B3F8810C6604","79.124.62.62","Incoming","Unknown","Unknown","1"
"09E2DE76A45F4187AF98B3F8810C6604","167.94.138.45","Incoming","Unknown","Unknown","1"